date,u_t,C_fee,base_fee_gwei,G_eff,gas_price_gwei,S_t,S_regime,l1_tx_count,l2_tx_total,A_t,arbitrum_tx_count,A_arbitrum,optimism_tx_count,A_optimism,base_tx_count,A_base,P_calldata_bytes,P_calldata_mb,eth_close_usd,eth_return_1d,eth_return_1d_log,eth_volatility_30d,eth_price_log,regime_pre_london,regime_post_london,regime_post_merge,regime_post_dencun,weekday,is_weekend,day_of_month,is_month_end,D_star_lite,D_star_lite_evr,D_eth_return,D_cex_volume,D_trends,realized_volatility,cex_volume_log,trends_ethereum,stablecoin_net_usd,D_star
2015-08-07,,,,27.12797210059138,604684154870.0,,,,,,,,,,,,,,,,,,,True,False,False,False,4,False,7,False,,,,,,,,,,
2015-08-08,,,,26.500031002020688,322713574989.0,,,,,,,,,,,,,,,,,,,True,False,False,False,5,True,8,False,,,,,,,,,,
2015-08-09,,,,26.887563587305728,475467129048.0,,,,,,,,,,,,,,,,,,,True,False,False,False,6,True,9,False,,,,,,,,,,
2015-08-10,,,,26.767453054001045,421654904254.0,,,,,,,,,,,,,,,,,,,True,False,False,False,0,False,10,False,,,,,,,,,,
2015-08-11,,,,25.07790610464229,77838819162.0,,,,,,,,,,,,,,,,,,,True,False,False,False,1,False,11,False,,,,,,,,,,
2015-08-12,,,,26.821120722037886,444902379011.0,,,,,,,,,,,,,,,,,,,True,False,False,False,2,False,12,False,,,,,,,,,,
2015-08-13,,,,26.31679985161456,268683475202.0,,,,,,,,,,,,,,,,,,,True,False,False,False,3,False,13,False,,,,,,,,,,
2015-08-14,,,,25.98831332013467,193455494453.0,,,,,,,,,,,,,,,,,,,True,False,False,False,4,False,14,False,,,,,,,,,,
2015-08-15,,,,25.69563792397622,144368937208.0,,,,,,,,,,,,,,,,,,,True,False,False,False,5,True,15,False,,,,,,,,,,
2015-08-16,,,,25.518561163339054,120940093311.0,,,,,,,,,,,,,,,,,,,True,False,False,False,6,True,16,False,,,,,,,,,,
2015-08-17,,,,25.60720342763727,132149993345.0,,,,,,,,,,,,,,,,,,,True,False,False,False,0,False,17,False,,,,,,,,,,
2015-08-18,,,,25.710380096051832,146513014268.0,,,,,,,,,,,,,,,,,,,True,False,False,False,1,False,18,False,,,,,,,,,,
2015-08-19,,,,25.99412644264727,194583349948.0,,,,,,,,,,,,,,,,,,,True,False,False,False,2,False,19,False,,,,,,,,,,
2015-08-20,,,,25.318504698190818,99011782801.0,,,,,,,,,,,,,,,,,,,True,False,False,False,3,False,20,False,,,,,,,,,,
2015-08-21,,,,25.099568718415732,79543407701.0,,,,,,,,,,,,,,,,,,,True,False,False,False,4,False,21,False,,,,,,,,,,
2015-08-22,,,,27.038336876877867,552841333007.0,,,,,,,,,,,,,,,,,,,True,False,False,False,5,True,22,False,,,,,,,,,,
2015-08-23,,,,25.019727540831887,73439482806.0,,,,,,,,,,,,,,,,,,,True,False,False,False,6,True,23,False,,,,,,,,,,
2015-08-24,,,,25.249499029704214,92409814705.0,,,,,,,,,,,,,,,,,,,True,False,False,False,0,False,24,False,,,,,,,,,,
2015-08-25,,,,25.059671684637863,76432335617.0,,,,,,,,,,,,,,,,,,,True,False,False,False,1,False,25,False,,,,,,,,,,
2015-08-26,,,,24.825597757605145,60481160549.0,,,,,,,,,,,,,,,,,,,True,False,False,False,2,False,26,False,,,,,,,,,,
2015-08-27,,,,24.805994730369214,59307091958.0,,,,,,,,,,,,,,,,,,,True,False,False,False,3,False,27,False,,,,,,,,,,
2015-08-28,,,,25.254573176650364,92879907335.0,,,,,,,,,,,,,,,,,,,True,False,False,False,4,False,28,True,,,,,,,,,,
2015-08-29,,,,24.752379917508136,56211090684.0,,,,,,,,,,,,,,,,,,,True,False,False,False,5,True,29,True,,,,,,,,,,
2015-08-30,,,,24.73342220519023,55155494457.0,,,,,,,,,,,,,,,,,,,True,False,False,False,6,True,30,True,,,,,,,,,,
2015-08-31,,,,24.790984412284367,58423521569.0,,,,,,,,,,,,,,,,,,,True,False,False,False,0,False,31,True,,,,,,,,,,
2015-09-01,,,,24.760538151945525,56671549652.0,,,,,,,,,,,,,,,,,,,True,False,False,False,1,False,1,False,,,,,,,,,,
2015-09-02,,,,24.804924461870538,59243651401.0,,,,,,,,,,,,,,,,,,,True,False,False,False,2,False,2,False,,,,,,,,,,
2015-09-03,,,,24.731534647272458,55051483461.0,,,,,,,,,,,,,,,,,,,True,False,False,False,3,False,3,False,,,,,,,,,,
2015-09-04,,,,24.797050748290275,58779015464.0,,,,,,,,,,,,,,,,,,,True,False,False,False,4,False,4,False,,,,,,,,,,
2015-09-05,,,,24.726374554686068,54768144366.0,,,,,,,,,,,,,,,,,,,True,False,False,False,5,True,5,False,,,,,,,,,,
2015-09-06,,,,24.7322307547607,55089818552.0,,,,,,,,,,,,,,,,,,,True,False,False,False,6,True,6,False,,,,,,,,,,
2015-09-07,,,,24.704707821622033,53594260637.0,,,,,,,,,,,,,,,,,,,True,False,False,False,0,False,7,False,,,,,,,,,,
2015-09-08,,,,24.896616258900952,64932639811.0,,,,,,,,,,,,,,,,,,,True,False,False,False,1,False,8,False,,,,,,,,,,
2015-09-09,,,,24.70816744658222,53779997784.0,,,,,,,,,,,,,,,,,,,True,False,False,False,2,False,9,False,,,,,,,,,,
2015-09-10,,,,24.72386105790504,54630657670.0,,,,,,,,,,,,,,,,,,,True,False,False,False,3,False,10,False,,,,,,,,,,
2015-09-11,,,,24.74349376212084,55713802958.0,,,,,,,,,,,,,,,,,,,True,False,False,False,4,False,11,False,,,,,,,,,,
2015-09-12,,,,24.84765779510315,61830202468.0,,,,,,,,,,,,,,,,,,,True,False,False,False,5,True,12,False,,,,,,,,,,
2015-09-13,,,,24.68052077481546,52313524792.0,,,,,,,,,,,,,,,,,,,True,False,False,False,6,True,13,False,,,,,,,,,,
2015-09-14,,,,24.708025968978724,53772389657.0,,,,,,,,,,,,,,,,,,,True,False,False,False,0,False,14,False,,,,,,,,,,
2015-09-15,,,,24.697156954153257,53191101494.0,,,,,,,,,,,,,,,,,,,True,False,False,False,1,False,15,False,,,,,,,,,,
2015-09-16,,,,25.437456865277618,111518559318.0,,,,,,,,,,,,,,,,,,,True,False,False,False,2,False,16,False,,,,,,,,,,
2015-09-17,,,,24.742130835995784,55637920883.0,,,,,,,,,,,,,,,,,,,True,False,False,False,3,False,17,False,,,,,,,,,,
2015-09-18,,,,24.74330257053712,55703151966.0,,,,,,,,,,,,,,,,,,,True,False,False,False,4,False,18,False,,,,,,,,,,
2015-09-19,,,,24.667555837721274,51639660974.0,,,,,,,,,,,,,,,,,,,True,False,False,False,5,True,19,False,,,,,,,,,,
2015-09-20,,,,24.69186472203997,52910345407.0,,,,,,,,,,,,,,,,,,,True,False,False,False,6,True,20,False,,,,,,,,,,
2015-09-21,,,,24.65844623389638,51171380285.0,,,,,,,,,,,,,,,,,,,True,False,False,False,0,False,21,False,,,,,,,,,,
2015-09-22,,,,24.664176380456098,51465441496.0,,,,,,,,,,,,,,,,,,,True,False,False,False,1,False,22,False,,,,,,,,,,
2015-09-23,,,,24.669358466147997,51732832046.0,,,,,,,,,,,,,,,,,,,True,False,False,False,2,False,23,False,,,,,,,,,,
2015-09-24,,,,24.717101922069734,54262646753.0,,,,,,,,,,,,,,,,,,,True,False,False,False,3,False,24,False,,,,,,,,,,
2015-09-25,,,,24.680265982675557,52300197415.0,,,,,,,,,,,,,,,,,,,True,False,False,False,4,False,25,False,,,,,,,,,,
2015-09-26,,,,24.736321852972843,55315658061.0,,,,,,,,,,,,,,,,,,,True,False,False,False,5,True,26,False,,,,,,,,,,
2015-09-27,,,,24.655600749808727,51025979902.0,,,,,,,,,,,,,,,,,,,True,False,False,False,6,True,27,False,,,,,,,,,,
2015-09-28,,,,24.687571213722187,52683661382.0,,,,,,,,,,,,,,,,,,,True,False,False,False,0,False,28,True,,,,,,,,,,
2015-09-29,,,,24.738515636747316,55437141860.0,,,,,,,,,,,,,,,,,,,True,False,False,False,1,False,29,True,,,,,,,,,,
2015-09-30,,,,24.66409926871095,51461473059.0,,,,,,,,,,,,,,,,,,,True,False,False,False,2,False,30,True,,,,,,,,,,
2015-10-01,,,,24.664355665245164,51474669294.0,,,,,,,,,,,,,,,,,,,True,False,False,False,3,False,1,False,,,,,,,,,,
2015-10-02,,,,24.685367972555976,52567714347.0,,,,,,,,,,,,,,,,,,,True,False,False,False,4,False,2,False,,,,,,,,,,
2015-10-03,,,,24.68412811823323,52502578427.0,,,,,,,,,,,,,,,,,,,True,False,False,False,5,True,3,False,,,,,,,,,,
2015-10-04,,,,24.649847471267147,50733256095.0,,,,,,,,,,,,,,,,,,,True,False,False,False,6,True,4,False,,,,,,,,,,
2015-10-05,,,,24.650035936342718,50742818443.0,,,,,,,,,,,,,,,,,,,True,False,False,False,0,False,5,False,,,,,,,,,,
2015-10-06,,,,24.662427128500006,51375494165.0,,,,,,,,,,,,,,,,,,,True,False,False,False,1,False,6,False,,,,,,,,,,
2015-10-07,,,,24.65864034661759,51181314265.0,,,,,,,,,,,,,,,,,,,True,False,False,False,2,False,7,False,,,,,,,,,,
2015-10-08,,,,24.76582347649288,56971870131.0,,,,,,,,,,,,,,,,,,,True,False,False,False,3,False,8,False,,,,,,,,,,
2015-10-09,,,,24.849796365642433,61962572208.0,,,,,,,,,,,,,,,,,,,True,False,False,False,4,False,9,False,,,,,,,,,,
2015-10-10,,,,24.89601026550151,64893302980.0,,,,,,,,,,,,,,,,,,,True,False,False,False,5,True,10,False,,,,,,,,,,
2015-10-11,,,,24.754286701061215,56318375319.0,,,,,,,,,,,,,,,,,,,True,False,False,False,6,True,11,False,,,,,,,,,,
2015-10-12,,,,24.662123601739093,51359902694.0,,,,,,,,,,,,,,,,,,,True,False,False,False,0,False,12,False,,,,,,,,,,
2015-10-13,,,,24.697693059179155,53219625156.0,,,,,,,,,,,,,,,,,,,True,False,False,False,1,False,13,False,,,,,,,,,,
2015-10-14,,,,24.783302378947408,57976429615.0,,,,,,,,,,,,,,,,,,,True,False,False,False,2,False,14,False,,,,,,,,,,
2015-10-15,,,,24.727378350342356,54823147993.0,,,,,,,,,,,,,,,,,,,True,False,False,False,3,False,15,False,,,,,,,,,,
2015-10-16,,,,24.701169204784073,53404946237.0,,,,,,,,,,,,,,,,,,,True,False,False,False,4,False,16,False,,,,,,,,,,
2015-10-17,,,,24.705179627738826,53619552703.0,,,,,,,,,,,,,,,,,,,True,False,False,False,5,True,17,False,,,,,,,,,,
2015-10-18,,,,24.674636318877642,52006592112.0,,,,,,,,,,,,,,,,,,,True,False,False,False,6,True,18,False,,,,,,,,,,
2015-10-19,,,,24.68325618737827,52456819761.0,,,,,,,,,,,,,,,,,,,True,False,False,False,0,False,19,False,,,,,,,,,,
2015-10-20,,,,24.707936083514298,53767556518.0,,,,,,,,,,,,,,,,,,,True,False,False,False,1,False,20,False,,,,,,,,,,
2015-10-21,,,,24.704605821879497,53588794315.0,,,,,,,,,,,,,,,,,,,True,False,False,False,2,False,21,False,,,,,,,,,,
2015-10-22,,,,24.770762322792656,57253941421.0,,,,,,,,,,,,,,,,,,,True,False,False,False,3,False,22,False,,,,,,,,,,
2015-10-23,,,,24.659147292572587,51207267003.0,,,,,,,,,,,,,,,,,,,True,False,False,False,4,False,23,False,,,,,,,,,,
2015-10-24,,,,24.65016796457697,50749518370.0,,,,,,,,,,,,,,,,,,,True,False,False,False,5,True,24,False,,,,,,,,,,
2015-10-25,,,,24.66747215233806,51635339670.0,,,,,,,,,,,,,,,,,,,True,False,False,False,6,True,25,False,,,,,,,,,,
2015-10-26,,,,24.72304324303705,54585998170.0,,,,,,,,,,,,,,,,,,,True,False,False,False,0,False,26,False,,,,,,,,,,
2015-10-27,,,,24.703429198565587,53525777571.0,,,,,,,,,,,,,,,,,,,True,False,False,False,1,False,27,False,,,,,,,,,,
2015-10-28,,,,24.72673699753476,54787998286.0,,,,,,,,,,,,,,,,,,,True,False,False,False,2,False,28,True,,,,,,,,,,
2015-10-29,,,,24.681497207576953,52364630378.0,,,,,,,,,,,,,,,,,,,True,False,False,False,3,False,29,True,,,,,,,,,,
2015-10-30,,,,24.71257795376383,54017718700.0,,,,,,,,,,,,,,,,,,,True,False,False,False,4,False,30,True,,,,,,,,,,
2015-10-31,,,,24.707668698239377,53753181787.0,,,,,,,,,,,,,,,,,,,True,False,False,False,5,True,31,True,,,,,,,,,,
2015-11-01,,,,24.650198902598895,50751088484.0,,,,,,,,,,,,,,,,,,,True,False,False,False,6,True,1,False,,,,,,,,,,
2015-11-02,,,,24.696622176834847,53162663704.0,,,,,,,,,,,,,,,,,,,True,False,False,False,0,False,2,False,,,,,,,,,,
2015-11-03,,,,24.666371464992466,51578536572.0,,,,,,,,,,,,,,,,,,,True,False,False,False,1,False,3,False,,,,,,,,,,
2015-11-04,,,,24.679174357669833,52243136362.0,,,,,,,,,,,,,,,,,,,True,False,False,False,2,False,4,False,,,,,,,,,,
2015-11-05,,,,24.6933749300143,52990311400.0,,,,,,,,,,,,,,,,,,,True,False,False,False,3,False,5,False,,,,,,,,,,
2015-11-06,,,,24.678057303149266,52184810513.0,,,,,,,,,,,,,,,,,,,True,False,False,False,4,False,6,False,,,,,,,,,,
2015-11-07,,,,24.67343924935833,51944373853.0,,,,,,,,,,,,,,,,,,,True,False,False,False,5,True,7,False,,,,,,,,,,
2015-11-08,,,,24.68244575519101,52414324288.0,,,,,,,,,,,,,,,,,,,True,False,False,False,6,True,8,False,,,,,,,,,,
2015-11-09,,,,24.67293666633978,51918274052.0,,,,,,,,,,,,,,,,,,,True,False,False,False,0,False,9,False,,,,,,,,,,
2015-11-10,,,,24.679062347171886,52237284910.0,,,,,,,,,,,,,,,,,,,True,False,False,False,1,False,10,False,,,,,,,,,,
2015-11-11,,,,24.68523745539722,52560853806.0,,,,,,,,,,,,,,,,,,,True,False,False,False,2,False,11,False,,,,,,,,,,
2015-11-12,,,,24.801664585145108,59050838844.0,,,,,,,,,,,,,,,,,,,True,False,False,False,3,False,12,False,,,,,,,,,,
2015-11-13,,,,24.665516921978675,51534479321.0,,,,,,,,,,,,,,,,,,,True,False,False,False,4,False,13,False,,,,,,,,,,
2015-11-14,,,,24.65932683069643,51216461485.0,,,,,,,,,,,,,,,,,,,True,False,False,False,5,True,14,False,,,,,,,,,,
2015-11-15,,,,24.66558133316781,51537798825.0,,,,,,,,,,,,,,,,,,,True,False,False,False,6,True,15,False,,,,,,,,,,
2015-11-16,,,,24.762239300387805,56768038418.0,,,,,,,,,,,,,,,,,,,True,False,False,False,0,False,16,False,,,,,,,,,,
2015-11-17,,,,24.754028923099398,56303859554.0,,,,,,,,,,,,,,,,,,,True,False,False,False,1,False,17,False,,,,,,,,,,
2015-11-18,,,,24.70324449399091,53515892028.0,,,,,,,,,,,,,,,,,,,True,False,False,False,2,False,18,False,,,,,,,,,,
2015-11-19,,,,24.71446134797515,54119551224.0,,,,,,,,,,,,,,,,,,,True,False,False,False,3,False,19,False,,,,,,,,,,
2015-11-20,,,,24.719352302035762,54384895828.0,,,,,,,,,,,,,,,,,,,True,False,False,False,4,False,20,False,,,,,,,,,,
2015-11-21,,,,24.712983537098843,54039631830.0,,,,,,,,,,,,,,,,,,,True,False,False,False,5,True,21,False,,,,,,,,,,
2015-11-22,,,,24.708416094535313,53793371733.0,,,,,,,,,,,,,,,,,,,True,False,False,False,6,True,22,False,,,,,,,,,,
2015-11-23,,,,24.74198405288081,55629754775.0,,,,,,,,,,,,,,,,,,,True,False,False,False,0,False,23,False,,,,,,,,,,
2015-11-24,,,,24.78444573747443,58042755370.0,,,,,,,,,,,,,,,,,,,True,False,False,False,1,False,24,False,,,,,,,,,,
2015-11-25,,,,24.716606087129758,54235748106.0,,,,,,,,,,,,,,,,,,,True,False,False,False,2,False,25,False,,,,,,,,,,
2015-11-26,,,,24.711997190234577,53986356287.0,,,,,,,,,,,,,,,,,,,True,False,False,False,3,False,26,False,,,,,,,,,,
2015-11-27,,,,24.702135107533827,53456555142.0,,,,,,,,,,,,,,,,,,,True,False,False,False,4,False,27,False,,,,,,,,,,
2015-11-28,,,,24.718023608859326,54312682973.0,,,,,,,,,,,,,,,,,,,True,False,False,False,5,True,28,True,,,,,,,,,,
2015-11-29,,,,24.69959960168262,53321187419.0,,,,,,,,,,,,,,,,,,,True,False,False,False,6,True,29,True,,,,,,,,,,
2015-11-30,,,,24.734215103070575,55199244474.0,,,,,,,,,,,,,,,,,,,True,False,False,False,0,False,30,True,,,,,,,,,,
2015-12-01,,,,24.727648262621322,54837947431.0,,,,,,,,,,,,,,,,,,,True,False,False,False,1,False,1,False,,,,,,,,,,
2015-12-02,,,,24.704606770006368,53588845124.0,,,,,,,,,,,,,,,,,,,True,False,False,False,2,False,2,False,,,,,,,,,,
2015-12-03,,,,24.704159094970787,53564860105.0,,,,,,,,,,,,,,,,,,,True,False,False,False,3,False,3,False,,,,,,,,,,
2015-12-04,,,,24.71077130196606,53920215595.0,,,,,,,,,,,,,,,,,,,True,False,False,False,4,False,4,False,,,,,,,,,,
2015-12-05,,,,24.720186257552243,54430269329.0,,,,,,,,,,,,,,,,,,,True,False,False,False,5,True,5,False,,,,,,,,,,
2015-12-06,,,,24.7104855940484,53904812363.0,,,,,,,,,,,,,,,,,,,True,False,False,False,6,True,6,False,,,,,,,,,,
2015-12-07,,,,24.71204404629062,53988885934.0,,,,,,,,,,,,,,,,,,,True,False,False,False,0,False,7,False,,,,,,,,,,
2015-12-08,,,,24.70749065886448,53743612456.0,,,,,,,,,,,,,,,,,,,True,False,False,False,1,False,8,False,,,,,,,,,,
2015-12-09,,,,24.725749385934293,54733915734.0,,,,,,,,,,,,,,,,,,,True,False,False,False,2,False,9,False,,,,,,,,,,
2015-12-10,,,,24.729475665959576,54938250098.0,,,,,,,,,,,,,,,,,,,True,False,False,False,3,False,10,False,,,,,,,,,,
2015-12-11,,,,24.787078992324915,58195798149.0,,,,,,,,,,,,,,,,,,,True,False,False,False,4,False,11,False,,,,,,,,,,
2015-12-12,,,,24.809014382081976,59486449382.0,,,,,,,,,,,,,,,,,,,True,False,False,False,5,True,12,False,,,,,,,,,,
2015-12-13,,,,24.76106913237179,56701649126.0,,,,,,,,,,,,,,,,,,,True,False,False,False,6,True,13,False,,,,,,,,,,
2015-12-14,,,,24.700563349863966,53372600387.0,,,,,,,,,,,,,,,,,,,True,False,False,False,0,False,14,False,,,,,,,,,,
2015-12-15,,,,24.86083479453953,62650330558.0,,,,,,,,,,,,,,,,,,,True,False,False,False,1,False,15,False,,,,,,,,,,
2015-12-16,,,,24.712736273185527,54026271431.0,,,,,,,,,,,,,,,,,,,True,False,False,False,2,False,16,False,,,,,,,,,,
2015-12-17,,,,24.732075772464416,55081281267.0,,,,,,,,,,,,,,,,,,,True,False,False,False,3,False,17,False,,,,,,,,,,
2015-12-18,,,,24.73122881000271,55034649240.0,,,,,,,,,,,,,,,,,,,True,False,False,False,4,False,18,False,,,,,,,,,,
2015-12-19,,,,24.71024257170768,53891713881.0,,,,,,,,,,,,,,,,,,,True,False,False,False,5,True,19,False,,,,,,,,,,
2015-12-20,,,,24.70000254804767,53342677327.0,,,,,,,,,,,,,,,,,,,True,False,False,False,6,True,20,False,,,,,,,,,,
2015-12-21,,,,24.702315070819516,53466176225.0,,,,,,,,,,,,,,,,,,,True,False,False,False,0,False,21,False,,,,,,,,,,
2015-12-22,,,,24.705320767538222,53627121090.0,,,,,,,,,,,,,,,,,,,True,False,False,False,1,False,22,False,,,,,,,,,,
2015-12-23,,,,24.7425950455482,55663754533.0,,,,,,,,,,,,,,,,,,,True,False,False,False,2,False,23,False,,,,,,,,,,
2015-12-24,,,,24.689631481840074,52792315740.0,,,,,,,,,,,,,,,,,,,True,False,False,False,3,False,24,False,,,,,,,,,,
2015-12-25,,,,24.70389643726001,53550792729.0,,,,,,,,,,,,,,,,,,,True,False,False,False,4,False,25,False,,,,,,,,,,
2015-12-26,,,,24.70623097965858,53675955367.0,,,,,,,,,,,,,,,,,,,True,False,False,False,5,True,26,False,,,,,,,,,,
2015-12-27,,,,24.925661083276218,66846252680.0,,,,,,,,,,,,,,,,,,,True,False,False,False,6,True,27,False,,,,,,,,,,
2015-12-28,,,,24.695595870441082,53108130511.0,,,,,,,,,,,,,,,,,,,True,False,False,False,0,False,28,True,,,,,,,,,,
2015-12-29,,,,24.707218765169912,53729001893.0,,,,,,,,,,,,,,,,,,,True,False,False,False,1,False,29,True,,,,,,,,,,
2015-12-30,,,,24.761336026307983,56716784472.0,,,,,,,,,,,,,,,,,,,True,False,False,False,2,False,30,True,,,,,,,,,,
2015-12-31,,,,24.777849908432184,57661175081.0,,,,,,,,,,,,,,,,,,,True,False,False,False,3,False,31,True,,,,,,,,,,
2016-01-01,,,,24.72599873694654,54747565393.0,,,,,,,,,,,,,,,,,,,True,False,False,False,4,False,1,False,,,,,,,,,,
2016-01-02,,,,24.69964209343819,53323453178.0,,,,,,,,,,,,,,,,,,,True,False,False,False,5,True,2,False,,,,,,,,,,
2016-01-03,,,,24.699996250537414,53342341402.0,,,,,,,,,,,,,,,,,,,True,False,False,False,6,True,3,False,,,,,,,,,,
2016-01-04,,,,24.712954576045455,54038066808.0,,,,,,,,,,,,,,,,,,,True,False,False,False,0,False,4,False,,,,,,,,,,
2016-01-05,,,,24.76769381473341,57078526509.0,,,,,,,,,,,,,,,,,,,True,False,False,False,1,False,5,False,,,,,,,,,,
2016-01-06,,,,24.70713471996908,53724486418.0,,,,,,,,,,,,,,,,,,,True,False,False,False,2,False,6,False,,,,,,,,,,
2016-01-07,,,,24.69870556417422,53273537581.0,,,,,,,,,,,,,,,,,,,True,False,False,False,3,False,7,False,,,,,,,,,,
2016-01-08,,,,24.708548923863418,53800517545.0,,,,,,,,,,,,,,,,,,,True,False,False,False,4,False,8,False,,,,,,,,,,
2016-01-09,,,,24.69877090065171,53277018400.0,,,,,,,,,,,,,,,,,,,True,False,False,False,5,True,9,False,,,,,,,,,,
2016-01-10,,,,24.695531870715815,53104731714.0,,,,,,,,,,,,,,,,,,,True,False,False,False,6,True,10,False,,,,,,,,,,
2016-01-11,,,,24.711144249726555,53940328769.0,,,,,,,,,,,,,,,,,,,True,False,False,False,0,False,11,False,,,,,,,,,,
2016-01-12,,,,24.72194855365705,54526276152.0,,,,,,,,,,,,,,,,,,,True,False,False,False,1,False,12,False,,,,,,,,,,
2016-01-13,,,,24.788114616925167,58256098368.0,,,,,,,,,,,,,,,,,,,True,False,False,False,2,False,13,False,,,,,,,,,,
2016-01-14,,,,24.735140626210356,55250356301.0,,,,,,,,,,,,,,,,,,,True,False,False,False,3,False,14,False,,,,,,,,,,
2016-01-15,,,,24.7761380272786,57562550443.0,,,,,,,,,,,,,,,,,,,True,False,False,False,4,False,15,False,,,,,,,,,,
2016-01-16,,,,24.73333238723974,55150540726.0,,,,,,,,,,,,,,,,,,,True,False,False,False,5,True,16,False,,,,,,,,,,
2016-01-17,,,,24.70253098494426,53477721574.0,,,,,,,,,,,,,,,,,,,True,False,False,False,6,True,17,False,,,,,,,,,,
2016-01-18,,,,24.71124754576393,53945900879.0,,,,,,,,,,,,,,,,,,,True,False,False,False,0,False,18,False,,,,,,,,,,
2016-01-19,,,,24.707932739484693,53767376718.0,,,,,,,,,,,,,,,,,,,True,False,False,False,1,False,19,False,,,,,,,,,,
2016-01-20,,,,24.743633997443638,55721616549.0,,,,,,,,,,,,,,,,,,,True,False,False,False,2,False,20,False,,,,,,,,,,
2016-01-21,,,,24.82820876849773,60639283859.0,,,,,,,,,,,,,,,,,,,True,False,False,False,3,False,21,False,,,,,,,,,,
2016-01-22,,,,24.752098053831368,56195249052.0,,,,,,,,,,,,,,,,,,,True,False,False,False,4,False,22,False,,,,,,,,,,
2016-01-23,,,,24.73972559686238,55504259187.0,,,,,,,,,,,,,,,,,,,True,False,False,False,5,True,23,False,,,,,,,,,,
2016-01-24,,,,24.79997935777495,58951408559.0,,,,,,,,,,,,,,,,,,,True,False,False,False,6,True,24,False,,,,,,,,,,
2016-01-25,,,,24.761964152891384,56752420983.0,,,,,,,,,,,,,,,,,,,True,False,False,False,0,False,25,False,,,,,,,,,,
2016-01-26,,,,24.80004638176441,58955359850.0,,,,,,,,,,,,,,,,,,,True,False,False,False,1,False,26,False,,,,,,,,,,
2016-01-27,,,,24.79548486227265,58687046251.0,,,,,,,,,,,,,,,,,,,True,False,False,False,2,False,27,False,,,,,,,,,,
2016-01-28,,,,24.751831313791453,56180261528.0,,,,,,,,,,,,,,,,,,,True,False,False,False,3,False,28,True,,,,,,,,,,
2016-01-29,,,,24.80938736865066,59508641167.0,,,,,,,,,,,,,,,,,,,True,False,False,False,4,False,29,True,,,,,,,,,,
2016-01-30,,,,24.93092056794992,67198755701.0,,,,,,,,,,,,,,,,,,,True,False,False,False,5,True,30,True,,,,,,,,,,
2016-01-31,,,,24.921143899043965,66544976813.0,,,,,,,,,,,,,,,,,,,True,False,False,False,6,True,31,True,,,,,,,,,,
2016-02-01,,,,24.915494496179814,66170097350.0,,,,,,,,,,,,,,,,,,,True,False,False,False,0,False,1,False,,,,,,,,,,
2016-02-02,,,,24.909332445389747,65763607541.0,,,,,,,,,,,,,,,,,,,True,False,False,False,1,False,2,False,,,,,,,,,,
2016-02-03,,,,24.88431473529716,64138762372.0,,,,,,,,,,,,,,,,,,,True,False,False,False,2,False,3,False,,,,,,,,,,
2016-02-04,,,,25.019312640045612,73409019027.0,,,,,,,,,,,,,,,,,,,True,False,False,False,3,False,4,False,,,,,,,,,,
2016-02-05,,,,24.946693304131546,68267066894.0,,,,,,,,,,,,,,,,,,,True,False,False,False,4,False,5,False,,,,,,,,,,
2016-02-06,,,,25.60543717618871,131916789237.0,,,,,,,,,,,,,,,,,,,True,False,False,False,5,True,6,False,,,,,,,,,,
2016-02-07,,,,25.126005788646985,81674346130.0,,,,,,,,,,,,,,,,,,,True,False,False,False,6,True,7,False,,,,,,,,,,
2016-02-08,,,,25.111084649163224,80464718771.0,,,,,,,,,,,,,,,,,,,True,False,False,False,0,False,8,False,,,,,,,,,,
2016-02-09,,,,25.547653115115242,124510154916.0,,,,,,,,,,,,,,,,,,,True,False,False,False,1,False,9,False,,,,,,,,,,
2016-02-10,,,,25.674980298567917,141417210581.0,,,,,,,,,,,,,,,,,,,True,False,False,False,2,False,10,False,,,,,,,,,,
2016-02-11,,,,24.919361615991644,66426480457.0,,,,,,,,,,,,,,,,,,,True,False,False,False,3,False,11,False,,,,,,,,,,
2016-02-12,,,,24.863217108184035,62799761220.0,,,,,,,,,,,,,,,,,,,True,False,False,False,4,False,12,False,,,,,,,,,,
2016-02-13,,,,24.779029723376947,57729244744.0,,,,,,,,,,,,,,,,,,,True,False,False,False,5,True,13,False,,,,,,,,,,
2016-02-14,,,,24.70256499925919,53479540613.0,,,,,,,,,,,,,,,,,,,True,False,False,False,6,True,14,False,,,,,,,,,,
2016-02-15,,,,24.762598206242014,56788416456.0,,,,,,,,,,,,,,,,,,,True,False,False,False,0,False,15,False,,,,,,,,,,
2016-02-16,,,,24.745301191552038,55814592783.0,,,,,,,,,,,,,,,,,,,True,False,False,False,1,False,16,False,,,,,,,,,,
2016-02-17,,,,24.72333416868265,54601880947.0,,,,,,,,,,,,,,,,,,,True,False,False,False,2,False,17,False,,,,,,,,,,
2016-02-18,,,,24.721722855818594,54513971078.0,,,,,,,,,,,,,,,,,,,True,False,False,False,3,False,18,False,,,,,,,,,,
2016-02-19,,,,24.723450287702,54608221632.0,,,,,,,,,,,,,,,,,,,True,False,False,False,4,False,19,False,,,,,,,,,,
2016-02-20,,,,24.708134734182682,53778238540.0,,,,,,,,,,,,,,,,,,,True,False,False,False,5,True,20,False,,,,,,,,,,
2016-02-21,,,,24.7169637748503,54255151037.0,,,,,,,,,,,,,,,,,,,True,False,False,False,6,True,21,False,,,,,,,,,,
2016-02-22,,,,24.81055188938052,59577980579.0,,,,,,,,,,,,,,,,,,,True,False,False,False,0,False,22,False,,,,,,,,,,
